偉峰診所,07-2820396,高雄市新興區林森一路126號一樓
藍茂盛診所,072372345,高雄市新興區六合一路１３０之1號
歐興昌診所,072813299,高雄市新興區民生一路３４９號
謝德利診所,072413308,高雄市新興區林森一路１５８號
東生診所,072263216,高雄市新興區五福一路８６號
文信診所,072850119,高雄市新興區南台路68-1號一樓
維德診所,072357070,高雄市新興區七賢一路４５７號一樓
趙俊彥診所,07-2243193,高雄市新興區民生一路十八號一樓二樓
翎麗診所,07-2210618,高雄市新興區文橫二路125號1樓2樓
幸生診所,07-2151357,高雄市新興區民生一路240號一樓
高安診所,07-2727662,高雄市新興區中山一路59號1樓
靚世紀診所,07-2362226,高雄市新興區中山一路162號
洪洲群皮膚科診所,07-2228883,高雄市新興區青年一路146號1樓
嚴翔勇診所,07-2818620,高雄市新興區大同一路198-2號1-2樓
愛理國際診所,07-2810111,高雄市新興區五福二路39號一樓
賀田診所,07-2355916,高雄市新興區林森一路189號一樓
柯偉恭診所,07-2261359,高雄市新興區民族二路102-9號一樓
韓風診所,07-2818777,高雄市新興區五福二路213號2樓
青欣診所,07-2254800,高雄市新興區中正二路212號1樓
錦英診所,07-2316428,高雄市新興區中山一路101號一樓
喜洋洋心靈診所,07-2213924,高雄市新興區文橫二路169號2樓
光晴診所,07-2260591,高雄市新興區開封路31號1樓
立人健康診所,07-2811668,高雄市新興區大同一路200號3樓
美博仕診所,07-2365565,高雄市新興區八德一路309號一樓
晶緻美學診所,07-2010538,高雄市新興區中山一路6-17號一-二樓
愛汝診所,07-2242525,高雄市新興區五福一路140號1樓
詹昌明診所,07-2353853,高雄市新興區仁愛一街234號一樓
高欣診所,07-2266893,高雄市新興區復興一路44號2樓3樓
蘇育材內兒科診所,072874706,高雄市新興區南台路５９號
李建山外兒科診所,072712292,高雄市新興區中正四路６９號
紀耳鼻喉科診所,072719087,高雄市新興區林森一路１５４－１號
文彬內兒科診所,072269090,高雄市新興區五福二路７２號
蘇信福診所,072379119,高雄市新興區林森一路２７４號
愛心內兒科診所,072017680,高雄市新興區仁愛二街８號
展華內兒科診所,072386222,高雄市新興區八德一路１８２號
明恩耳鼻喉科診所,072388272,高雄市新興區六合一路46號
李內兒科診所,072388011,高雄市新興區七賢一路２０２號
邱弘璨皮膚科診所,072225085,高雄市新興區六合路183號2樓
王育彥耳鼻喉科診所,072352268,高雄市新興區七賢一路４７６號
毛重富耳鼻喉科診所,072350168,高雄市新興區復興一路８７之１號
南和診所,072722217,高雄市新興區南台路３７之２號
謝前亮診所,072259763,高雄市新興區六合路１９０號一樓
蘇素環神經科診所,072366661,高雄市新興區忠孝一路５０８號一樓
七賢診所,072887338,高雄市新興區七賢二路８９號一之三樓
朱冠州皮膚科診所,07-2821162,高雄市新興區五福二路二三八號一樓
蘇榮茂診所,07-2231243,高雄市新興區民族二路76號一至四樓
信恩診所,07-2384119,高雄市新興區六合一路90-1號一樓
文中皮膚科診所,07-2271309,高雄市新興區五福二路68號一樓二樓
林哲雄診所,072615514,高雄市新興區忠孝一路９５號
瑞益內兒科診所,072312901,高雄市新興區復興二路１０7號一樓
葉英鏘診所,072387871,高雄市新興區洛陽街１號
敏吉內兒科診所,072219155,高雄市新興區五福二路４１－３號
黃耳鼻喉科診所,072510207,高雄市新興區復興二路２４１號
弘安診所,072373787,高雄市新興區民族二路１１７號
瑞泰內兒科診所,072415276,高雄市新興區林森一路１７８－１號
李耳鼻喉科診所,072910694,高雄市新興區林森二路２３３號
清水診所,072210976,高雄市新興區林森一路１０７－１號
家佳診所,07-2234383,高雄市新興區和平一路193號一樓二樓
蔡瑞聲診所,07-2413388,高雄市新興區中正三路六十三號一樓及夾層
增田診所,07-2363128,高雄市新興區八德一路一五五至一五七號一樓
健和診所,07-2513388,高雄市新興區青年一路278號一至四樓
沁田診所,07-2156293,高雄市新興區忠孝一路125號1樓
蘇鉉釗耳鼻喉科診所,07-2379119,高雄市新興區林森一路274、276號1-2樓
厚生診所,07-2295759,高雄市新興區五福一路164號一樓
維格皮膚科診所,07-2291237,高雄市新興區五福一路120號一樓及夾層
阮綜合醫療社團法人上順診所,07-2725227,高雄市前金區市中一路225號3樓
蔡景福內兒科診所,072811221,高雄市前金區自強一路１８３－３號一樓
陳福壽內兒科診所,072918727,高雄市前金區大同一路２２４號一樓
李鈺錫內兒科診所,072215290,高雄市前金區前金一街１４號一樓
福嶽皮膚科診所,072210500,高雄市前金區中正四路７９－１號一；二樓
重康內兒科診所,072611336,高雄市前金區七賢二路３０５號一樓
蔡國晉家庭醫學科診所,07-2858371,高雄市前金區瑞源路１８９號一樓
呂永全家庭醫學科診所,072823739,高雄市前金區長生街３３號一樓
吳志明耳鼻喉科診所,07-2862846,高雄市前金區中正四路88號1~2樓
王榮華診所,072728781,高雄市前金區中正四路１８２－１號一樓
余國榮耳鼻咽喉科診所,072167126,高雄市前金區中華三路227號一樓
文宏耳鼻喉科診所,07-2415831,高雄市前金區自強二路20號一樓
宏祐診所,07-2411999,高雄市前金區中華三路121號壹樓
嘉醫診所,07-2411866,高雄市前金區中華三路86號壹樓
麗晶診所,07-2014567,高雄市前金區五福三路六十三號三樓
好生診所,2867000,高雄市前金區七賢二路183號1至4樓
黃鵬國診所,07-2869599,高雄市前金區中華三路１５２號一樓
大明診所,072413103,高雄市前金區新田路２２０號一樓
王銘燦皮膚科診所,72618500,高雄市前金區民生二路129號1樓
薛強文皮膚科診所,2419826,高雄市前金區中華三路80號1-2樓
啟安診所,07-2310964,高雄市前金區光復二街82號
德和診所,07-2515106,高雄市前金區自強一路18號壹樓
首席萊茵診所,07-2111156,高雄市前金區河東路8號4樓之2
五福診所,07-2213933,高雄市前金區中華四路318號1至4樓
日月星診所,07-2311236,高雄市前金區七賢二路376號1樓
誠心診所,07-2111529,高雄市前金區中華三路139號1樓
痔安診所,07-2862724,高雄市前金區自立二路69號1樓
君綺診所,07-2216033,高雄市前金區中華四路321號2至3樓
吉田耳鼻喉科診所,07-2113167,高雄市前金區自強一路63號1至2樓及地下1樓
杏安家庭醫學科診所,07-2822272,高雄市前金區中正四路81之1號1樓
許耳鼻喉科診所,073340225,高雄市苓雅區復興二路７１號
芳生內兒科診所,07-7616363,高雄市苓雅區河北路154號
黃小兒科診所,07-3345482,高雄市苓雅區學源街４１號
胡忠義內小兒科診所,07-7714853,高雄市苓雅區英明路５２號
陳世琛小兒科診所,07-7235923,高雄市苓雅區青年一路１－１８號
徐貴勝診所,072240668,高雄市苓雅區六合路52號
陳賜定耳鼻喉科診所,07-3354515,高雄市苓雅區青年一路１８５號
周吉男內兒科診所,07-7510652,高雄市苓雅區廣西路１３８號
鄭文雄內兒科診所,07-3302679,高雄市苓雅區興中一路１９４號
侯內兒科診所,073348656,高雄市苓雅區興中一路３１４號
吳國松心臟科診所,077614892,高雄市苓雅區三多二路２８３號
林峻卿耳鼻喉科診所,073334320,高雄市苓雅區昇平街８４號
王建霖家庭醫學科診所,073320440,高雄市苓雅區忠孝二路１０１號
劉春田內兒科診所,077514306,高雄市苓雅區五權街１０６號
吳信良皮膚科診所,073348880,高雄市苓雅區昇平街３７號
黃建國內兒科診所,077114176,高雄市苓雅區三多二路３３７號
林國坤診所,077225391,高雄市苓雅區建國一路115－４號
吳耳鼻喉科診所,077230175,高雄市苓雅區和平二路411號
林勁甫耳鼻喉科診所,077256515,高雄市苓雅區建國一路１２２號
陳清裕小兒專科診所,07-7517221,高雄市苓雅區三多一路３２７號
蔡小兒科診所,077238382,高雄市苓雅區林泉街１９號
鍾展生耳鼻喉科診所,077719595,高雄市苓雅區武慶三路８４號
張鎰基耳鼻喉科診所,072236575,高雄市苓雅區尚禮街３號
蔣小兒科診所,07-2220838,高雄市苓雅區泰順街６４號
許健聰診所,07-3354639,高雄市苓雅區和平一路２８０號
仁和診所,07-3346988,高雄市苓雅區永昌街２２號
小貝貝小兒科診所,07-3332555,高雄市苓雅區光華一路２５號
王勇智耳鼻喉科診所,07-7253460,高雄市苓雅區四維二路２４7號
曾惠仁耳鼻喉科診所,07-7218972,高雄市苓雅區三多二路81號
黃守智小兒科診所,07-3328678,高雄市苓雅區忠孝二路５４號
劉永豐診所,07-7492636,高雄市苓雅區建國一路15之1號１、２樓
楊寬弘診所,07-7241299,高雄市苓雅區凱旋二路128號
邱靖媛小兒專科診所,07-7215153,高雄市苓雅區大順三路172號
莘雅皮膚科診所,07-7250147,高雄市苓雅區三多二路317號(1樓.2樓)
童春診所,07-7210983,高雄市苓雅區武慶三路98號
吳玉衡小兒科診所,07-7234526,高雄市苓雅區青年一路1_17號一樓
馨田耳鼻喉科診所,07-7160043,高雄市苓雅區光華一路148-59號
佳祈皮膚科診所,07-2254652,高雄市苓雅區青年一路6-2號
聖安診所,07-7277097,高雄市苓雅區大順三路186號
家綾診所,07-2510917,高雄市苓雅區海邊路65、66號1樓
祥順信合美診所,07-2236000,高雄市苓雅區大順三路69、71號2樓；武廟路185、187、189號2樓
崇酩耳鼻喉科診所,07-3327296,高雄市苓雅區成功一路181號
一誠診所,０７-7511156,高雄市苓雅區建國一路115之5號
宏明診所,07-7512365,高雄市苓雅區四維一路８８號
紀節朗診所,07-3335880,高雄市苓雅區興中二路８７號
紀培樹診所,07-3353952,高雄市苓雅區興中一路３６５號
郭秀忠診所,07-7228482,高雄市苓雅區四維二路９４號－８
徐獨立診所,07-7133284,高雄市苓雅區武慶三路１４４號
永康診所,07-5352200,高雄市苓雅區光華一路１４５號
仁禾診所,07-7224979,高雄市苓雅區武廟路１８３號
王其時診所,07-2267811,高雄市苓雅區五福一路１７１號
光田診所,07-3338336,高雄市苓雅區苓雅二路１９９號
潘漢嘉診所,07-7153909,高雄市苓雅區英明路１１８號
陳平源診所,07-3347011,高雄市苓雅區自強三路６７號
柯武鎮診所,07-7131840,高雄市苓雅區福壽街１９３號
曾貴海診所,07-7612001,高雄市苓雅區凱旋三路８２７號
健維診所,07-3344637,高雄市苓雅區福建街２５號.永富街4號.6號
鎮安診所,07-7111012,高雄市苓雅區輔仁路１１６號
許國泰診所,07-7213916,高雄市苓雅區和平二路３１６號
惠霖診所,07-7155907,高雄市苓雅區建國一路１１１號一樓
吉利診所,07-7515169,高雄市苓雅區三多一路173號1樓
昱泰診所,07-5378768,高雄市苓雅區興中一路227號1-3樓
楊家福診所,07-7160933,高雄市苓雅區大順三路52號一，二樓
川井診所,07-3356595,高雄市苓雅區自強三路一六三號一樓
向生診所,07-3319393,高雄市苓雅區復興二路88號
麗水診所,07-7174979,高雄市苓雅區四維二路96之4號
愛欣診所,07-7497077,高雄市苓雅區正義路136號(3樓4樓5樓)
同慶診所,07-2260957,高雄市苓雅區同慶路78號
小太陽診所,07-2267753,高雄市苓雅區和平一路150號
家慈診所,07-3333375,高雄市苓雅區永康街118號
太順診所,07-7717766,高雄市苓雅區大順三路178號
安安診所,07-7152609,高雄市苓雅區建國一路284號
伊美力診所,07-3388317,高雄市苓雅區中山二路297號(1樓)
善美診所,07-3336030,高雄市苓雅區中華四路120號(1~3樓)
凱馨診所,07-7527128,高雄市苓雅區林泉街42號(1樓)
黃武雄診所,07-7275889,高雄市苓雅區建國一路286號(1樓)
佳明診所,07-7263727,高雄市苓雅區中正一路136號(1樓)
五塊厝診所,07-7614545,高雄市苓雅區三多一路139、141號(1樓)
榮安內兒科診所,07-3343467,高雄市苓雅區四維四路６5號
明耀診所,07-3307000,高雄市苓雅區青年二路81、83號(1樓)
泰順聯合診所,07-2241595,高雄市苓雅區光華一路１４８－９５號
新立診所,07-3383888,高雄市苓雅區中華四路27號(地下1樓、1樓、2樓)
大益診所,07-2231670,高雄市苓雅區同慶路60號1、2樓
顏小兒科診所,07-7221409,高雄市苓雅區輔仁路148號1樓
楊明仁診所,07-2232223,高雄市苓雅區憲政路258之1、258之2號(1樓)
大和診所,07-2295666,高雄市苓雅區光華一路148之99號
信君耳鼻喉科診所,07-7168385,高雄市苓雅區武廟路30號(1樓)
宗天一皮膚科診所,07-5361100,高雄市苓雅區四維三路77、79號(1、2樓)
劉可威診所,07-3352297,高雄市苓雅區福建街14號(1樓)
新高美診所,07-2251445,高雄市苓雅區建國一路340巷11、13號(1樓)
冠泰診所,07-7222628,高雄市苓雅區福德二路69號(1樓)
加福診所,07-5362667,高雄市苓雅區中山二路388號(1樓)
林仁崇診所,07-7494202,高雄市苓雅區正義路２３５號
時尚假期診所,07-7137776,高雄市苓雅區中正一路132號(1樓)
立佳診所,07-7710966,高雄市苓雅區輔仁路149號
高品診所,07-3385881,高雄市苓雅區光華一路107號(1樓)、109號(1樓)
愛爾麗診所,07-3318378,高雄市苓雅區中山二路464號(1樓)
宇安診所,07-7511779,高雄市苓雅區四維二路94之18號(1樓)
禾康診所,07-7521688,高雄市苓雅區四維一路155號
曾政峰耳鼻喉科診所,07-3352777,高雄市苓雅區三多三路112之1號(1樓)
展穎診所,07-7130822,高雄市苓雅區四維一路157號
為人診所,07-7273889,高雄市苓雅區四維二路94之1號
安粟診所,07-3355600,高雄市苓雅區林森二路120號(1樓、地下1樓)
阮綜合醫療社團法人保順診所,07-3351121,高雄市苓雅區成功一路145號
李敏雄內兒科診所,075516217,高雄市鹽埕區鹽埕街８２號
王德瑞內兒科診所,075511852,高雄市鹽埕區建國四路２４３號
蔡水貫皮膚科診所,075512178,高雄市鹽埕區光榮街９０號
林皮膚科診所,075510715,高雄市鹽埕區建國四路２３８號
陳耳鼻喉科診所,075516493,高雄市鹽埕區五福四路３０６號
汪昇勳耳鼻喉科診所,075216655,高雄市鹽埕區瀨南街２２５之１號一樓
楊柯診所,075315795,高雄市鹽埕區七賢三路２１６號
濟仁診所,075513378,高雄市鹽埕區大勇路１２５號
劉應炎診所,075511051,高雄市鹽埕區大公路９８號１００號
楊浴平診所,075214268,高雄市鹽埕區必忠街１６５號
永明診所,075513436,高雄市鹽埕區五福四路１６１號１６３號
施家庭醫學科診所,075324460,高雄市鹽埕區新興街１１８號
盧榮坤小兒科診所,075315657,高雄市鹽埕區莒光街１３７號１樓２樓
協美診所,07-5318156,高雄市鹽埕區建國四路219號
洪清文診所,07-5611725,高雄市鹽埕區七賢三路122號１樓
達人診所,07-5318877,高雄市鹽埕區五福四路96號1、2、3樓
新欣診所,07-5316775,高雄市鹽埕區新樂街120號1樓
李國文診所,07-5216655,高雄市鹽埕區瀨南街225號之1〈1樓〉
好韻診所,5529988,高雄市鼓山區博愛二路331號1～2樓
揚士診所,5502951,高雄市鼓山區文信路251號
許晴哲皮膚科診所,5868101,高雄市鼓山區裕誠路1025號1樓
首璽格爾診所,5542988,高雄市鼓山區裕誠路2038號1樓2040號1～2樓
北高靚世紀診所,5552299,高雄市鼓山區明誠三路727號1~3樓
媄美診所,5887866,高雄市鼓山區九如四路1185號1樓
安禾診所,5507769,高雄市鼓山區博愛一路466號1樓
佳宏小兒科診所,5536175,高雄市鼓山區大順一路841號1樓
優活健康診所,5223400,高雄市鼓山區美術東四路83號1樓
黃柏翰皮膚科診所,5501711,高雄市鼓山區南屏路513、515號
精華診所,55047905504792,高雄市鼓山區明倫路46號1、2樓
王文達診所,5227177,高雄市鼓山區美術東五路166號1樓
蘇燕德內兒科診所,075612497,高雄市鼓山區鼓山二路１２２號
王鴻先耳鼻喉科診所,075834214,高雄市鼓山區鼓山三路242號
葉俊杰皮膚科診所,075512358,高雄市鼓山區千光路10號
柯文良小兒科診所,5535760,高雄市鼓山區華榮路352號1樓
蘇淑娟診所,5524770,高雄市鼓山區華泰路165號
陳大洲耳鼻喉科,075873653,高雄市鼓山區中華一路１０號一樓
謝加晉診所,5532526,高雄市鼓山區民利街１號一樓
林茂生診所,075828337,高雄市鼓山區九如四路1191號1樓
建元診所,075543957,"高雄市鼓山區裕誠路1143~1145號1
瑞芳耳鼻喉科診所,5527887,高雄市鼓山區華榮路298號1樓
腎美診所,075544900,高雄市鼓山區中華一路３３６號一樓二樓六樓
明誠聯合診所,07-5538665,高雄市鼓山區中華一路310號
清介耳鼻喉科診所,5512022,高雄市鼓山區延平街59-1號
建國診所,5550526,高雄市鼓山區中華一路345號地下1樓、1樓
翁俊六診所,07-5616156,高雄市鼓山區臨海二路13號1、5樓
宏澤耳鼻喉科診所,5552533,高雄市鼓山區文信路238號
朱玉柱診所,075217139,高雄市鼓山區鼓波街36-1號
鼎新診所,075512013,高雄市鼓山區鼓波街４２－１１號
家安診所,75541515,高雄市鼓山區裕誠路1515號
黃活診所,075325575,高雄市鼓山區九如四路694號
劉耳鼻喉專科診所,07-5331873,高雄市鼓山區九如四路905號1樓
元和雅診所,5550056,高雄市鼓山區中華一路347號1~2樓
祐琳小兒科診所,07-5551870,高雄市鼓山區裕誠路1180號
柯診所,5613241,高雄市鼓山區臨海二路35號1、2樓
明新診所,5551880,高雄市鼓山區裕誠路1940號1樓
吉進診所,5611630,高雄市鼓山區九如四路1390號1樓
長明診所,5543122,高雄市鼓山區華寧路137號1樓
祐安小兒科診所,5318616,高雄市鼓山區九如四路1410號1樓
高美泌尿科診所,5229099,高雄市鼓山區明誠四路226號1~2樓
建生診所,5555366,高雄市鼓山區美術東四路325號
蔡宗恕診所,5319387,高雄市鼓山區華安街153號1樓
真誠診所,5500666,高雄市鼓山區美術東四路327號1~2樓
華榮謝耳鼻喉科診所,5546226,高雄市鼓山區華榮路205號1樓
吳展名診所,5535658,高雄市鼓山區明誠三路598號
韓大夫診所,5556855,高雄市鼓山區南屏路851號1樓
鄭廣仁小兒科診所,5555350,高雄市鼓山區華榮路207號1樓
董永豪診所,5866133,高雄市鼓山區文信路240號1樓
康田耳鼻喉科診所,5868488,高雄市鼓山區明誠三路656號1樓
慶豐診所,5542285,高雄市鼓山區華寧路1號
蔡俊吉診所,5504712,高雄市鼓山區美術南三路272號
寬念診所,5521732,高雄市鼓山區瑞豐街75號
樂群診所,5555596,高雄市鼓山區中華一路970號1樓
瑞和診所,07-5714883,高雄市旗津區中洲三路四OO號
賴顯忠診所,07-5718773,高雄市旗津區商港街14巷92弄18號
白鋒釗診所,07-5718239,高雄市旗津區中洲三路九九之一號
明華診所,07-5719288,高雄市旗津區通山路31號
樂健診所,07-5717466,高雄市旗津區廟前路116號1樓
大福診所,3317601,高雄市前鎮區光華二路159號
大家診所,07-8117772,高雄市前鎮區草衙二路430號
三多法泊時尚診所,07-3385878,高雄市前鎮區三多三路177號
祥全診所,3340393,高雄市前鎮區一心二路86號
嘉祐耳鼻喉科診所,3318012,高雄市前鎮區一心一路388號1樓
麥茵茲美形診所,3355330,高雄市前鎮區林森三路126號1.2樓
瑞隆耕心療癒診所,07-7518383,高雄市前鎮區瑞隆路255號1樓
宏昇診所,,高雄市前鎮區草衙二路470號1樓
聖暉診所,,高雄市前鎮區鎮州路207號1樓
黃泌尿科診所,07-3331390,高雄市前鎮區三多二路423號1樓
大樂聯合診所,07-7510008,高雄市前鎮區瑞隆路330號1樓
朝陽診所,07-8311228,高雄市前鎮區草衙二路509號、511號
長青診所,07-7225270,高雄市前鎮區凱旋三路83號
上晴診所,07-7249449,高雄市前鎮區瑞北路88號1樓
張世明皮膚科診所,07-3388039,高雄市前鎮區一心二路159號2F
達仁診所,7250328,高雄市前鎮區崗山南街468號1樓
慶大診所,,高雄市前鎮區中華五路993號1樓
美和診所,07-8120053,高雄市前鎮區翠亨北路577號1樓
天保診所,7514920,高雄市前鎮區瑞隆路342號
富田診所,7236817,高雄市前鎮區和平二路205號2樓
慈美診所,07-9551818,高雄市前鎮區一心一路17.25.33號1樓.2樓
蕭基昌耳鼻喉科診所,7510098,高雄市前鎮區永豐路91.93號1樓
慧安診所,07-7223889,高雄市前鎮區瑞和街100號
蔡昌篤皮膚科診所,07-3325473,高雄市前鎮區一心一路498號1.2樓
宏恩診所,07-5370666,高雄市前鎮區正勤路71號1樓
尚佑診所,07-5376995,高雄市前鎮區中華五路987號1.2樓
尚正診所,07-5361568,高雄市前鎮區一心二路47-1號
維康診所,,高雄市前鎮區鄭和路45號
邱仲禮診所,078211363,高雄市前鎮區鎮榮街４５號
德昌診所,078317645,高雄市前鎮區鎮興路１１０號
瑞隆診所,077512055,高雄市前鎮區瑞隆路３７３號
源生診所,077713285,高雄市前鎮區瑞隆路５５５號
羅慶榮診所,078221530,高雄市前鎮區草衙二路４６３號
蔡茂隆診所,073303736,高雄市前鎮區光華二路４３７號
陳文宏診所,07-7131516,高雄市前鎮區瑞隆路319號
隆生診所,078212868,高雄市前鎮區前鎮街２９１號
瑞安診所,077616420,高雄市前鎮區公正路268號
榮全診所,077712566,高雄市前鎮區瑞隆路４４５號
樹德診所,078151892,高雄市前鎮區樹人路２８１號
美德聯合診所,078156375,高雄市前鎮區草衙二路３８５號
美兆診所,078150033,高雄市前鎮區新衙路２８６之１號八樓之１之２
楊榮超診所,073382616,高雄市前鎮區一心二路１３３號
林慶端診所,077616392,高雄市前鎮區和平二路２９３號
陳方明診所,5374381,高雄市前鎮區一心二路59號一樓
永豐診所,7515678,高雄市前鎮區永豐路110號1.2樓
宋銘宏診所,5378812,高雄市前鎮區一心二路49號
陳塗墻診所,07-7167825,高雄市前鎮區光華二路68號
明得診所,077515595,高雄市前鎮區永豐路１４５號
郭南隆小兒科診所,073382967,高雄市前鎮區一心二路89號
劉志明耳鼻喉科診所,073363311,高雄市前鎮區一心一路482號
吳信宏耳鼻喉科小兒科診所,073334258,高雄市前鎮區三多二路４０１號
徐小兒科診所,073321821,高雄市前鎮區二聖二路１４９號
新生聯合診所,3340129,高雄市前鎮區中山二路238號
永興診所,8157006,高雄市前鎮區鎮興路222號一樓二樓
李垣昌耳鼻喉科診所,7517514,高雄市前鎮區瑞隆路242號一樓
黃裕峰耳鼻喉科診所,7268385,高雄市前鎮區保泰路427號一樓
姚清華皮膚科診所,07-5377624,高雄市前鎮區三多二路429號.431號
博佑診所,07-3324782,高雄市前鎮區一心一路243號1樓地下1樓
永祥診所,07-7515678,高雄市前鎮區永豐路110號1，2樓
昭哲診所,07-7136366,高雄市前鎮區永豐路214號1樓
養全診所,07-3344006,高雄市前鎮區復興三路311號1樓
陳振福內兒科診所,077718636,高雄市前鎮區瑞和街２３８號
聖青診所,078310970,高雄市前鎮區草衙一路１１２號
蔡皮膚科診所,073341158,高雄市前鎮區復興三路４１５號
林正宗診所,073303615,高雄市前鎮區一心一路４０４號
親親診所,073391078,高雄市前鎮區一心一路402號1樓
博聖診所,078218252,高雄市前鎮區擴建一路５９號
吳泰成耳鼻喉科診所,073361136,高雄市前鎮區林森三路１５０號
杏青診所,077223206,高雄市前鎮區光華二路２８０號
鵬志皮膚科診所,073353687,高雄市前鎮區三多三路165號
國軍高雄門診中心附設民眾診療服務處,073344003,高雄市前鎮區光華二路５１號
國防部軍備局生產製造中心第二０五廠醫務所,073321695,高雄市前鎮區中山三路９８號
熱河診所,073214519,高雄市三民區熱河一街190號1樓、192號1樓後半段
羅韻珊小兒科診所,073870430,高雄市三民區大豐二路110-1號1樓
李文棟診所,073151294,高雄市三民區察哈爾一街130號1、2、3樓
尤啟享診所,073811515,高雄市三民區本揚里澄和路５３號
余建興耳鼻喉科診所,73952899,高雄市三民區建興路183號1樓
大昌診所,073800823,高雄市三民區大昌二路４７６號
邱坤興皮膚科診所,073483437,高雄市三民區明誠一路828號.830號1-2樓
黃志維耳鼻喉科診所,07-3947605,高雄市三民區建工路608號一樓
茂田診所,07-3109506,高雄市三民區明誠一路232.236號一樓
建安診所,07-3860999,高雄市三民區大順二路649號1-2樓
鍾在倫小兒科診所,07-3162668,高雄市三民區民族一路63號
桔生診所,07-3454838,高雄市三民區裕誠路109號1-2樓
黃英峰耳鼻喉科診所,07-3103439,高雄市三民區明誠一路692號一樓
高鳳診所,07-3865481,高雄市三民區灣中街328號一樓
佑康診所,07-3215358,高雄市三民區博愛一路28號15樓、6樓
陳津甫耳鼻喉科診所,07-3805686,高雄市三民區正興路167號
家康診所,07-3909855,高雄市三民區大順二路863號1樓
蔣季融小兒科診所,07-3953680,高雄市三民區建興路543號一樓
全一耳鼻喉科診所,073219376,高雄市三民區九如二路５７０號
明宗診所,073124358,高雄市三民區九如二路４６９號
董金山診所,073833405,高雄市三民區大昌二路５４４號
陳文隆小兒內診所,073832058,高雄市三民區新民路１４３號
徐新勇內兒科診所,073849071,高雄市三民區大順二路３４號
怡德耳鼻喉科診所,07-2864875,高雄市三民區自立一路９９號一樓
賴耳鼻喉科診所,073826946,高雄市三民區鼎山街５８１號
仁愛內兒科診所,072417048,高雄市三民區建國三路４６３號
何思賢家庭醫學科診所,073119566,高雄市三民區吉林街９８號
嘉美診所,073866781,高雄市三民區建工路８１０號1-2樓
許永霖內兒科診所,073213200,高雄市三民區嫩江街８４號
曾宜宏耳鼻喉科診所,07-3212233,高雄市三民區自立一路３７０號３７２號一樓
謝耳鼻喉科診所,073110420,高雄市三民區熱河一街３３３號
楊英隆內兒科診所,073116281,高雄市三民區九如二路４１９號
三民診所,073827249,高雄市三民區民族一路２２６號
陳豊源耳鼻喉科診所,073870120,高雄市三民區建工路６４８號
李坤泰診所,073871140,高雄市三民區覺民路１８６號
亨利耳鼻喉科診所,07-3854638,高雄市三民區義華路414號
黃義霖診所,073857422,高雄市三民區黃興路115號一樓
建和耳鼻喉科診所,072231828,高雄市三民區建國一路４１３－２號
曾繁英診所,073111048,高雄市三民區自立一路２６７號
黃旭瑞耳鼻喉科診所,073802334,高雄市三民區大昌二路４８２號一樓
蕭瑞榮小兒科診所,073867121,高雄市三民區建工路531.533號一樓
靖康診所,073802806,高雄市三民區陽明路６號
魏榮洲神經科診所,072519828,高雄市三民區建國三路４８９號
高照星皮膚科診所,073220664,高雄市三民區九如二路275號277號1樓
興中聯合診所,073867535,高雄市三民區九如一路９５０號
徐樹本小兒科診所,073867833,高雄市三民區建興路３７３號
和信診所,07-3876356,高雄市三民區覺民路596號一樓
富生診所,07-3967117,高雄市三民區覺民路2-1號1-2樓
建心診所,07-3593343,高雄市三民區裕誠路108號1-2樓
吉錠診所,07-3127732,高雄市三民區九如二路53號1樓
邱建皓耳鼻喉科診所,07-3909099,高雄市三民區鼎山街365號1樓
承安耳鼻喉科診所,07-3160789,高雄市三民區力行路250號1樓
家欣診所,07-3909855,高雄市三民區明誠一路389.391號1樓
茂德診所,07-3122238,高雄市三民區自由一路14號
蔡智禮診所,07-3225728,高雄市三民區北平一街132號
真善美診所,07-3945929,高雄市三民區覺民路69號1樓
禾泰診所,07-3903829,高雄市三民區陽明路68號1樓
永馨診所,07-3858856,高雄市三民區大昌二路303號1樓
陳泰安診所,07-3924423,高雄市三民區建工路609號1樓
蘇景賢診所,073821450,高雄市三民區建工路575號一樓
胡榿小兒科診所,073827356,高雄市三民區九如一路８２０號一樓
林家璽診所,073229369,高雄市三民區察哈爾二街７８號一樓
宇田耳鼻喉科診所,07-3485317,高雄市三民區明誠二路２０號一樓
天民泌尿科診所,073927069,高雄市三民區大順二路８０號一樓
王俊仁耳鼻喉科診所,073959039,高雄市三民區陽明路４１６號一樓
振祐診所,073831541,高雄市三民區大豐二路１５４號一樓
鼎祥診所,073463266,高雄市三民區天祥一路135-1號1樓
醫鼎診所,07-3506789,高雄市三民區裕誠路１０１號一樓二樓
王漢卿小兒科診所,073877918,高雄市三民區陽明路１３２號一樓
呂佳群耳鼻喉科診所,073832988,高雄市三民區大昌二路305號一樓
儲昭仁耳鼻喉科診所,073890470,高雄市三民區九如一路８５４號一樓
洪肇志皮膚科診所,07-3830477,高雄市三民區建工路312號一樓
范雅修小兒科診所,073876366,高雄市三民區延慶街３９號一樓
吉星小兒科診所,07-3487936,高雄市三民區天祥一路135-1號1樓
王錦澤診所,07－3472987,高雄市三民區鼎中路356號一樓
大慶耳鼻喉科診所,073596393,高雄市三民區天祥一路１４６號一樓
開元診所,073873595,高雄市三民區陽明路２１號一樓
蔡仁正診所,073597493,高雄市三民區天祥一路200號1樓
葉旭顏泌尿科診所,07-3479828,高雄市三民區裕誠路88號1樓
許聰騰診所,07-3981023,高雄市三民區大昌二路98號.100號1-2樓
正中診所,07-3854616,高雄市三民區正忠路18號一樓
胡益揚耳鼻喉科診所,07-3926383,高雄市三民區聯興路131號1樓
博泰皮膚科診所,07-3808709,高雄市三民區陽明路213號1樓
李文正診所,07-3946077,高雄市三民區澄和路35-2號
施宗賢皮膚科診所,07-3829996,高雄市三民區建工路638號一樓
黃學武家庭醫學科診所,07-3815665,高雄市三民區大昌二路23號一樓
長清診所,3851441,高雄市三民區九如一路135號1-3樓
朝日耳鼻喉科診所,(07)3112218,高雄市三民區嫩江街121號
謝明容耳鼻喉科診所,07-3903922,高雄市三民區大昌二路142號1樓
沐康診所,07-3452197,高雄市三民區河堤路318號1-2樓
禾沐診所,07-3805076,高雄市三民區正興路138號1-2樓
陳柏宏皮膚科診所,07-3822020,高雄市三民區建工路553號1-2樓
崇田耳鼻喉科診所,07-3899900,高雄市三民區建工路302號1樓
長春藤高雄明誠診所,07-3428181,高雄市三民區明誠一路528號2樓
良醫診所,07-3851603,高雄市三民區九如一路196號1樓
鼎山診所,07-3824296,高雄市三民區鼎山街598號1樓
磐石診所,07-3100969,高雄市三民區明誠一路710號1樓
灣內診所,07-3866118,高雄市三民區鼎山街705號1樓
佳恩診所,07-3862228,高雄市三民區建元路30號1樓
慈惠診所,07-3872417,高雄市三民區正忠路67號1-5樓
建康診所,07-3838788,高雄市三民區建工路537.539號1-4樓
惠民診所,,高雄市三民區正忠路185號1樓
興聖診所,07-3868367,高雄市三民區建工路696-1號1-3樓
清泰診所,07-3425355,高雄市三民區明誠一路800號1樓
銘陽診所,07-3963488,高雄市三民區陽明路65號1-2樓
明陽診所,07-3963488,高雄市三民區陽明路65號1-2樓
進安診所,07-2862494,高雄市三民區建國三路144號1樓
天祥診所,07-3809163,高雄市三民區建工路449號1樓
明錦診所,07-3127000,高雄市三民區九如二路198號1樓
明榮診所,07-3222875,高雄市三民區熱河一街370號1-2樓
元成診所,07-3903829,高雄市三民區陽明路81號1樓
後驛診所,3134133,高雄市三民區九如二路307號1樓
聖新診所,07-3233138,高雄市三民區自立一路336號1樓
晶品診所,07-3222517,高雄市三民區十全一路223號1樓
基恩診所,07-3925948,高雄市三民區陽明路314號1樓
林志哲耳鼻喉科診所,07-3987593,高雄市三民區大豐二路90號92號1樓
耀盛耳鼻喉科診所,07-3929728,高雄市三民區澄和路27號.29號1樓
偉倫小兒科診所,07-3800333,高雄市三民區鼎山街225號1樓
拉法診所,07-3854591,高雄市三民區陽明路105號1樓
朱光興診所,07-3229699,高雄市三民區博愛一路320號1樓
豐華診所,07-3965088,高雄市三民區陽明路107號1-4樓
順達診所,073827026,高雄市三民區鼎山街６７７號
鄭榮祥診所,072511241,高雄市三民區自強一路１９７號一樓
力仁診所,073897668,高雄市三民區正忠路１９８號
張氏診所,073419182,高雄市三民區金鼎路３６８之５號一樓
錫謀診所,073835551,高雄市三民區陽明路３９８號
張倉銓診所,073808538,高雄市三民區大順二路１８３號
上仁診所,07-2155510,高雄市三民區中華三路２８５號一樓
陳恒全診所,072518690,高雄市三民區自強一路２２２號
莊永昌診所,073922289,高雄市三民區建工路３３２號
名祥診所,073493012,高雄市三民區鼎力路１１６號
施秉昌診所,073210673,高雄市三民區力行路１０８號一樓
佑誠診所,073869132,高雄市三民區正興路９８號一樓
和致祥診所,073812297,高雄市三民區建工路３６５號一樓
蘇淑玲診所,073956416,高雄市三民區建工路２９９號一樓二樓
洪乘龍診所,073470398,高雄市三民區明誠二路１8號一樓
瑞慧診所,073951951,高雄市三民區九如一路５６５巷１號四樓之４
快安診所,073895420,高雄市三民區立忠路２９號一樓
光暉診所,073907689,高雄市三民區新民路106號一樓
蔡式良診所,073593613,高雄市三民區河堤路２９０號一樓
亮忠診所,073490760,高雄市三民區明誠二路２８號一樓
育明診所,073478461,高雄市三民區民族一路５３７號一樓二樓
養元診所,07-3800638,高雄市三民區正興路163巷2號一樓
以琳診所,07-3879919,高雄市三民區覺民路572號一樓
長生診所,07-3959090,高雄市三民區聯興路145巷52號1樓
張殷彰診所,07-3867121,高雄市三民區建工路531.533號一樓
王國安診所,07-3865379,高雄市三民區建興路193號1樓
安昕診所,07-3832564,高雄市三民區大昌一路159.161.163號一樓
立人診所,07-3890251,高雄市三民區民豐路77號1樓
林振東耳鼻喉科診所,07-3826598,高雄市三民區陽明路99號1樓
仲?診所,07-3895640,高雄市三民區大順二路96號1樓
捷祺家庭兒科診所,07-3503666,高雄市三民區裕誠路125號1樓
覺民診所,07-3386101,高雄市三民區澄清路387號1樓
郭建宏小兒科診所,07-3982606,高雄市三民區義華路394號1樓
林佳豪耳鼻喉科診所,07-3595038,高雄市三民區鼎中路639號1樓
媄儷時尚美學診所,07-7776590,高雄市三民區文濱路51號2樓
僾彼高榮育仁診所,07-3891080,高雄市三民區九如一路896號1-2樓
林正?小兒科診所,07-3806183,高雄市三民區覺民路647號1樓
開心診所,07-3929988,高雄市三民區敦煌路82號1樓
舒心身心診所,,高雄市三民區吉林街150號2樓
漾時尚診所,07-3812286,高雄市三民區大昌二路220號1樓
和平醫療社團法人進興診所,07-3869559,高雄市三民區九如一路171號1樓
陳建良診所,07-3646688,高雄市楠梓區後昌路779號1樓
杏美診所,07-3645599,高雄市楠梓區德祥路149號1樓
蔣醫師診所,07-3639490,高雄市楠梓區建昌里萬昌街118號1樓
鄧凱太家仁診所,07-3631608,高雄市楠梓區德民路991號1樓
高耿耀診所,073529803,高雄市楠梓區建楠路１79號1樓
慶仁耳鼻喉科診所,073658663,高雄市楠梓區軍校路８８４號
楊雲志診所,073643826,高雄市楠梓區軍校路６76號１樓
管士育診所,07-3514266,高雄市楠梓區興楠路４１５號１樓
廖宏輝小兒科診所,073543030,高雄市楠梓區楠梓新路２７９號１樓
常德診所,073537431,高雄市楠梓區常德路３３１號１樓
佑強診所,07-3683687,高雄市楠梓區德民路908、910號1-5樓
郭士彰耳鼻喉科診所,07-3683235,高雄市楠梓區後昌路862之1號1樓
孫欲珍小兒科.家庭醫學科診所,07-3613709,高雄市楠梓區德賢路241號1樓
周祖佑小兒科診所,07-3531266,高雄市楠梓區楠梓新路255號1樓
行政院國軍退除役官兵輔導委員會楠梓榮民自費安養中心醫務室,07-3652828-3007,高雄市楠梓區加昌路631號
冠全診所,07-3602123,高雄市楠梓區德民路1002之12.1樓
仁安診所,07-3684128,高雄市楠梓區後昌路1165號1樓
建霖耳鼻喉科診所,07-3523006、3542562,高雄市楠梓區鳳楠路248號1樓
謝坤霖耳鼻喉科診所,07-3551661,高雄市楠梓區鳳楠路263號1樓
智惠內兒科診所,073612561,高雄市楠梓區後昌路１９５號１樓
李國祥內兒科診所,073619595,高雄市楠梓區後昌路７63號1樓
瑞鴻小兒皮膚科診所,07-3612001,高雄市楠梓區右昌街９１-９３號1樓
郭獻智皮膚科診所,073623548,高雄市楠梓區後昌路１４７號
楊煌榮內兒科診所,07-3611986、3618293,高雄市楠梓區加昌路９７２號
宏生診所,073619412,高雄市楠梓區樂群路１７９巷２號
吉豐耳鼻喉科診所,07-3515056,高雄市楠梓區建楠路143號1樓、3樓
傅耳鼻喉科診所,07-3651727,高雄市楠梓區軍校路710之１．２號
賴聰宏小兒科診所,073630769,高雄市楠梓區軍校路６６４-６６６號
康健軍診所,073614685,高雄市楠梓區後昌路７９９號
苑秉純小兒科診所,073645885,高雄市楠梓區軍校路７９０，７９２號１，２樓
容貴耳鼻喉科診所,073523534,高雄市楠梓區楠梓新路127號1樓
洪宏典聯合診所,073514105,高雄市楠梓區建楠路９３號
陳其新診所,073521077,高雄市楠梓區楠梓路２8號
健安診所,073529801,高雄市楠梓區岳陽街５３號
平安診所,07-3556110,高雄市楠梓區楠梓路１２５號
愛生診所,073652378,高雄市楠梓區後昌路７９５號１樓
宏育診所,073655331,高雄市楠梓區樂群路２４１號１樓
陳顯明診所,073648127,高雄市楠梓區德賢路２６５號１樓
康東原診所,073610115,高雄市楠梓區右昌街376號
九大聯合診所,073531510,高雄市楠梓區楠梓新路２６０號１、2樓
興義診所,073539993,高雄市楠梓區興楠路342號344號１-２樓
聖昌診所,073639666,高雄市楠梓區後昌路７７３號１樓
祥霖診所,73630930,高雄市楠梓區德賢路530巷9號1、2樓
祈福診所,07-3531117,高雄市楠梓區楠梓新路271號1-2樓
馮文瑋皮膚專科診所,07-3520333,高雄市楠梓區楠梓新路175號1、2樓
王建安小兒科診所,07-3600680,高雄市楠梓區德民路949號1樓
廣佑安診所,07-3605998,高雄市楠梓區後昌路678號1樓
楠華診所,07-3533606,高雄市楠梓區興楠路295.297號
健康家庭醫學診所,07-3535296,高雄市楠梓區清豐二路86號
郭玉柱診所,07-3661166,高雄市楠梓區軍校路838號
長義診所,07-3640593,高雄市楠梓區惠民路46號
家福耳鼻喉科診所,07-3609988,高雄市楠梓區後昌新路15號1-2樓
佳生診所,8053465,高雄市小港區康莊路一三六號一樓
小林診所,078711285,高雄市小港區鳳林路67號1樓
合田耳鼻喉科診所,07-8013571,高雄市小港區漢民路337號1樓
高健診所,07-8027828,高雄市小港區漢民路702號1樓2樓
謝杰興耳鼻喉科診所,078063384,高雄市小港區康莊路６９號２樓
勞小兒科診所,078039222,高雄市小港區漢民路６９３－２號
聖泰耳鼻喉科診所,078020972,高雄市小港區漢民路２１４號
葉武忠診所,078070007,高雄市小港區漢民路５１７號１樓
王瑞琦耳鼻喉科診所,077930037,高雄市小港區桂陽路１７２－１號１樓
聖心皮膚科診所,8013570,高雄市小港區漢民路196號1樓
柯芳蓉黃麗瑛小兒科診所,07-8053077,高雄市小港區漢民路716號一樓
蔡坤霖小兒科診所,07-8030816,高雄市小港區二苓路一百四十八號壹樓
謝子偉皮膚科診所,07-8038535,高雄市小港區漢民路五一九號壹樓
信安診所,8159067,高雄市小港區港順街32號1樓
和杏診所,8065034,高雄市小港區宏平路356號1樓
長慶小兒科診所,8068170,高雄市小港區漢民路四一三號一樓
季仁診所,8013712,高雄市小港區宏平路497號一樓
鳳林診所,078720822,高雄市小港區鳳林路93-1號1～2樓
瓏耀小兒科診所,078017771,高雄市小港區二苓路２７０號
羅錦泉診所,078314168,高雄市小港區平和路港口里１０５號
蔡正雄診所,078016655,高雄市小港區沿海一路１２３號
民益診所,078060364,高雄市小港區民益路６２號
大林蒲診所,078714668,高雄市小港區鳳林路１１３－１號
蔡聰慶診所,077914257,高雄市小港區孔鳳路２３９號
蔡經緯診所,07-8230227,高雄市小港區港正里平和＋路７號
翁資盛診所,078038094,高雄市小港區宏平路６０２號
李宣炘診所,078063229,高雄市小港區漢民路２４９號
明義診所,077916959,高雄市小港區孔鳳路５４２號
施晉南診所,078021622,高雄市小港區平治街1-1號
洪清中兒科診所,078063773,高雄市小港區二苓路１９２號１樓
芋佃小兒科診所,8033937,高雄市小港區宏平路378號1樓
明港診所,07-8055116,高雄市小港區華山路137、139號一、二樓
王竹君小兒科診所,07-8012382,高雄市小港區宏平路353號一樓
誼安診所,8069353,高雄市小港區康莊路150號1樓
漢民好心診所,07-8012121,高雄市小港區漢民路717號1樓
桂陽診所,07-7917770,高雄市小港區桂陽路310號1樓
田源診所,073432641,高雄市左營區政德路２３０號１.２.３樓
進隆耳鼻喉科診所,075818153,高雄市左營區左營大路３４３號
胡義祥內兒科診所,075826811,高雄市左營區左營大路８５號
謝內兒科診所,075815090,高雄市左營區左營大路６３０號
杜小兒科診所,075825626,高雄市左營區左營大路１０－２號
馬遠成診所,075832348,高雄市左營區果峰街２巷３號
傳家家庭診所,073452688,高雄市左營區裕誠路２６５號
蔡鶴峰診所,073661818,高雄市左營區後昌路６０１號
楊耳鼻喉科診所,073651536,高雄市左營區後昌路７３１號
沈診所,073419148,高雄市左營區明誠二路２１０號
加安耳鼻喉科診所,75816899,高雄市左營區左營大路９５號
長安診所,07-5821864,高雄市左營區左營大路253號１樓
富民皮膚科診所,75577771,高雄市左營區富民路１５７號１樓
楊宜璋耳鼻喉科診所,075591007,高雄市左營區明誠二路362號１樓
彭賢禮皮膚科診所,75838868,高雄市左營區左營大路103號１.2樓
國聖診所,,高雄市左營區文慈路１５０號一樓
力人耳鼻喉科診所,75560618,高雄市左營區自由二路456號一樓
王聖智耳鼻喉科診所,75586755,高雄市左營區博愛二路292號一樓
張簡耳鼻喉科診所,75587017,高雄市左營區自由三路300號1樓
黃慧光皮膚科診所,3615530,高雄市左營區後昌路631號1樓
李凱斌小兒科診所,3454784,高雄市左營區文莊路53號1樓
榮南皮膚科診所,75561710,高雄市左營區忠言路146號
嘉仁診所,5881977,高雄市左營區翠華路609號
謝宗哲耳鼻喉科診所,75584717,高雄市左營區裕誠路424號1樓
葉乙力小兒科診所,3456256,高雄市左營區華夏路700號1樓
常玉皮膚科診所,5506011,高雄市左營區自由二路336號1樓
薛智峰耳鼻喉科診所,07-3439190,高雄市左營區華夏路703號1樓
陳文星耳鼻喉科診所,3100838,高雄市左營區民族一路1028-10號1樓
安欣泌尿科診所,3457626,高雄市左營區崇德路278號1樓
林政賢皮膚科診所,3454189,高雄市左營區華夏路718號1樓
李錦源小兒診所,5851188,高雄市左營區左營大路139-1號1樓
陳進成診所,3503387,高雄市左營區華夏路985號1樓
王津勝小兒科診所,5533243,高雄市左營區華夏路260號1樓
晨田耳鼻喉科診所,,高雄市左營區榮佑路41號1樓
康澤小兒科診所,3453356,高雄市左營區自由三路382號1樓
陳信旭小兒科診所,5590256,高雄市左營區民明華一路169號1樓
吉祥診所,5810757,高雄市左營區翠華路601巷75號1樓
陳企亨診所,3416119,高雄市左營區至真路45號1樓
河堤診所,5575658,高雄市左營區裕誠路190號1樓
漢元診所,5880110,高雄市左營區翠華路601巷132號1樓
郭正強診所,5591060,高雄市左營區明華一路229號1樓
陳俊男診所,5506531,高雄市左營區自由二路216號1樓
李全忠診所,3496555,高雄市左營區自由三路528號1樓
良生診所,075832509,高雄市左營區左營大路１１１號1樓
德仁診所,075819228,高雄市左營區勝利路１９０號
左營仁愛診所,075819284,高雄市左營區左營大路７９８號
江春木診所,073417377,高雄市左營區天祥二路１０５號
福仁診所,073412612,高雄市左營區新庄仔路７１２巷３號
羅振原診所,073491288,高雄市左營區富民路１１４號
安生診所,75586166,高雄市左營區裕誠路１６６號１樓
黃昭文診所,73481289,高雄市左營區明誠２路３３６號１樓
沈嘉充診所,75851778,高雄市左營區中華１路５之２號１樓
陳進祥診所,73491349,高雄市左營區文德路２號
德安診所,73464695,高雄市左營區民族１路９０１巷１號１樓
嚴世安診所,75811746,高雄市左營區翠峰路３２號１樓
李建中診所,73499801,高雄市左營區崇德路２３８號１樓
裕興診所,5583277,高雄市左營區自由二路320號1樓
金仁福診所,5529843,高雄市左營區華夏路228號1樓
王欽程診所,3491100,高雄市左營區華夏路1141號
華夏診所,3453961,高雄市左營區華夏路708號1樓
龍華診所,5563868,高雄市左營區大順一路552號3.4.5樓
仁杏診所,5571157,"高雄市左營區博愛二路568號1
福山診所,3482323,高雄市左營區重愛路218號1樓
永霖小兒科診所,5551870.35,高雄市左營區孟子路415號1樓
裕生診所,5563707,高雄市左營區富民路340.342.346號2樓
奧拉克診所,5566620,高雄市左營區明華一路120號2樓
富誠診所,5560925,高雄市左營區富國路355號1樓
耕心療癒診所,3592011,高雄市左營區曾子路332號1樓
尚禾診所,5583218,高雄市左營區博愛二路6號1-3樓
雙子星小兒科診所,3501366,高雄市左營區大中二路238號1樓
童童兒科診所,3456933,高雄市左營區自由四路147-1號1樓
吳崇敏診所,3100099,高雄市左營區民族一路1028-11號1樓
楊東穎診所,,高雄市左營區自由三路327號1樓
陳建志耳鼻喉科診所,5580318,高雄市左營區自由二路228號1樓
林淳生診所,,高雄市左營區左營大路471號1樓
心方診所,07-3450697,高雄市左營區華夏路729號1樓
蔡東隆診所,5567653,高雄市左營區富國路39號１樓
欣正中診所,5555171,高雄市左營區南屏路245號1F
乃聖診所,3482853,高雄市左營區文強路232號1樓
嘉柏雅診所,75562988,高雄市左營區富民路291號4樓
康耀診所,73590382,高雄市左營區華夏路1335號1樓
鍾愛一身診所,073426156/3426171,高雄市左營區民族一路1080之2號1-2樓
易康診所,73490789,高雄市左營區新庄仔路179-6號3樓
自由維格診所,75509237,高雄市左營區自由二路98號1-5樓
柯銘澤耳鼻喉科診所,5590020,高雄市左營區忠言路81號1樓
文川家庭診所,73593027,高雄市左營區文川路128號1樓
德能診所,07-5857673,高雄市左營區左營大路692號1、2、3樓
彌馨診所,07-8629880,"高雄市左營區至聖路288號1
聖康診所,07-3461136,高雄市左營區華夏路971號1F
巨蛋法泊時尚診所,5585838,高雄市左營區博愛二路654號1樓、656號1樓
欣聖診所,07-5560525,高雄市左營區自由二路143號1F
中山診所,5509000,高雄市左營區明誠二路427號2.3.5樓
幸福診所,,高雄市左營區軍校路218號1、2樓
中心小兒科診所,3497778,高雄市左營區新庄仔路179-6號2樓
蔡佳祝皮膚科診所,,高雄市左營區崇德路287.289號1.2樓
心晴診所,3463099,高雄市左營區民族一路1032號1樓
鄭倩寧家醫科診所,5508375,高雄市左營區自由二路226號1樓
恩欣小兒科診所,3451966,高雄市左營區自由四路324號1樓
陽光診所,3412598,高雄市左營區自由三路176號1樓
哲民診所,5570500,高雄市左營區明誠二路500號1樓
親子診所,3463877,高雄市左營區民族一路1030號1樓
廖耳鼻喉科診所,5509691,高雄市左營區富國路343號1樓
河堤美先皮膚科診所,9745111,高雄市左營區明誠二路180號1.2樓
東陽診所,3457778,高雄市左營區華夏路626號1.2樓
許英哲張漢明耳鼻喉科診所,3592268,高雄市左營區華夏路1139號1樓
米蘭時尚診所,07-5589766,"高雄市左營區博愛二路458號1
賴孟德診所,3439801,高雄市左營區孟子路608號
心樂診所,3421968,高雄市左營區榮佑路9號1樓、夾層
佳醫麗晶皮膚科診所,75582658,高雄市左營區自由二路220號1、2樓
亞洲時尚診所,75561858,高雄市左營區安吉街437號1、2樓
膚康診所,73502209,高雄市左營區自由三路266之5號1樓
星和診所,,高雄市左營區博愛三路2號2、3樓
許筌淵診所,,高雄市左營區富民路301號1樓
林俊谷診所,,高雄市左營區福山里民族一路1028-19號1樓
蔡欣彥振亮診所,75879799,高雄市左營區城南里左營大路156號1樓
黃伯達診所,07-3759600,高雄市仁武區仁和里仁忠路75號1樓
尚清診所,07-3758955,高雄市仁武區中華路245號1-3樓、243號2-3樓
劉內兒科診所,073718727,高雄市仁武區仁心路6號、15號
仁新診所,073719825,高雄市仁武區仁心路56號
長恩聯合診所,3985975,高雄市仁武區仁忠路83號
養生診所,073711449,高雄市仁武區仁武里中正路１５７號
仁里診所,073729609,高雄市仁武區仁樂街２０２號
廣安診所,073718819,高雄市仁武區仁雄路１３之１９號
健全診所,073711040,高雄市仁武區仁樂街１９０號
易生診所,073741124,高雄市仁武區中華路３０６號
林俊志診所,3739066,高雄市仁武區仁雄路13-28號1樓
銘成診所,07-3741288,高雄市仁武區八德西路2322號
健欣診所,07-3717928,高雄市仁武區八卦里50鄰八德中路59號1樓
蔡定洲耳鼻喉科診所,3756161,高雄市仁武區八德西路2300號1樓
揚善診所,3758419,高雄市仁武區仁樂街178號
仁武好心診所,07-3719895,高雄市仁武區文武里中正路301號1F
冠升診所,3711607,高雄市仁武區中華路252號1樓
大林診所,,高雄市仁武區仁雄路9號
仁雄診所,3741298,高雄市仁武區仁雄路15-1號1樓
吉安診所,07-3734731,高雄市仁武區八卦里八德南路100巷6號1樓
安田診所,07-3749697,高雄市仁武區大灣里八德南路556號1樓
長青診所,07-3756789,高雄市仁武區八德南路602號1樓
德應診所,07-3728298,高雄市仁武區八卦里永仁街209號1樓
陽光診所,07-3755500,高雄市仁武區中華路255號
杏仁內兒科診所,073523379,高雄市大社區大新路１－３號
李文賢診所,073511397,高雄市大社區觀音里三民路２５７號
陳文泙診所,073535100,高雄市大社區三民路２４７號
富安診所,073514610,高雄市大社區金龍路１３８號
德全診所,,高雄市大社區金龍路３７５號
吉田診所,073543381,高雄市大社區中山路72號
王裕郎小兒科診所,073550619,高雄市大社區中山路３１７號
健安診所,07-3512121,高雄市大社區中山路100號
大社喉安診所,3527755,高雄市大社區翠屏路86-6號1樓
沁田診所,07-3514056,高雄市大社區中華路16之42號
恩典診所,3543969,高雄市大社區中山路293號
佳愛診所,3542888,高雄市大社區自強街26-3號1樓
福生診所,07-3550367,高雄市大社區中山路42-8號1樓
仁康診所,07-6262988,高雄市岡山區介壽路74號1-2樓
林邦勝診所,07-6214837,高雄市岡山區岡山里壽天路13-1號
李漢傑皮膚科診所,6236488,高雄市岡山區岡山路402號1樓
黃仲達診所,07-6297898,高雄市岡山區柳橋東路9-2號1樓
三ㄧ診所,07-6258807,高雄市岡山區柳橋西路ㄧ段13號1樓
家佑診所,6211919,高雄市岡山區大仁路109號1樓
維心診所,07-6231829,高雄市岡山區岡山路314號
侯俊君診所,07-6225267,高雄市岡山區校前路3號
陳國俊小兒科診所,07-6210353,高雄市岡山區岡山路73號
吳中仁診所,07-6231223,高雄市岡山區大德三路63號1樓
岡山家福耳鼻喉科診所,07-6219595,高雄市岡山區岡山路312-1號1樓
永順診所,07-6218737,高雄市岡山區岡山路72號1-2樓
林志仁診所,076231816,高雄市岡山區壽華路１２９號
聖明診所,,高雄市岡山區民有路-二十三號一樓
新博愛診所,07-6215799,高雄市岡山區大德一路15號1樓2樓
劉俊鴻診所,6297707,高雄市岡山區岡山路81號1樓
林怡仁診所,6228926,高雄市岡山區岡燕路320號
辛辛診所,6222028,高雄市岡山區民有路5號
莊志明診所,6218288,高雄市岡山區柳橋東路15-1號1樓
楊禮瑜診所,07-6233598,高雄市岡山區柳橋東路30號
仁仁診所,076224002,高雄市岡山區岡山路２００號
黃耳鼻喉科診所,076263466,高雄市岡山區岡山路３４７之１號
盧榮福內兒科診所,076261515,高雄市岡山區仁壽路３９號
杜內兒科診所,076212273,高雄市岡山區維新路２５號
劉志廷家庭醫學科診所,076228617,高雄市岡山區維新路５１號
陳振忠內兒科診所,076213202,高雄市岡山區壽天路３７－２號
蔣榮福診所,076228719,高雄市岡山區中山南路452號
簡耳鼻喉科診所,076220660,高雄市岡山區壽華路４８號
欣仁耳鼻喉科診所,076233339,高雄市岡山區岡燕路17號
黃子育診所,076210707,高雄市岡山區前峰路39號
振華診所,076268916,高雄市岡山區公園西路二段１１１號
黃明正耳鼻喉科診所,076230366,高雄市岡山區民有路５６號
蘇俊明小兒科診所,6223189,高雄市岡山區平和路200號
安祥皮膚科診所,6235527,高雄市岡山區岡山路97號1樓
安泰診所,6235985,高雄市岡山區岡山路434號4樓﹝5B﹞
莊診所,076213206,高雄市岡山區開元街１１５號
翁仁茂診所,076260039,高雄市岡山區公園西路三段１２３號
吳博明診所,076212125,高雄市岡山區平和路７９－１號
安生診所,076263759,高雄市岡山區民族路５９號
文凱診所,076212308,高雄市岡山區仁安街７號
黃啟禎診所,076212075,高雄市岡山區岡山路３２７號
王宏育診所,07-622897207-6228973,高雄市岡山區岡山路２６０號
得安診所,076257785,高雄市岡山區前峰路４１號
鄧明壽診所,076212264,高雄市岡山區壽華路36號
太原診所,076229889,高雄市岡山區民生街７號
皇明診所,076263592,高雄市岡山區公園西路三段86之1號
天佑診所,076224457,高雄市岡山區嘉興路１１７號
呂朝英診所,076222512,高雄市岡山區大仁北路一三二之三號
吳宗慶診所,076229868,高雄市岡山區中山北路４７號
吳內兒科診所,076967697,高雄市路竹區竹南里中山路６３８號
久田耳鼻喉科診所,076962064,高雄市路竹區忠孝路５６號
惠明家庭醫學科診所,076967978,高雄市路竹區大社路１７７之１號
王耳鼻喉科診所,076963097,高雄市路竹區金平路310號
佳恩小兒科診所,6073355,高雄市路竹區大社路135號1樓
蘇進添小兒科診所,6971769,高雄市路竹區中興路236號
昭欽診所,6953055,高雄市路竹區太平路183之2號
萬全診所,076962632,高雄市路竹區竹東里中山路１０４３號
劉有宏診所,076963693,高雄市路竹區竹東里中山路９０５號
尚愛診所,076977353,高雄市路竹區社西里大社路２２１號
長星診所,076973411,高雄市路竹區大社路６８號
佑民小兒科診所,60722113812029,高雄市路竹區中和街180號
馨美診所,6074999,高雄市路竹區大社路157號
國良診所,6076686,高雄市路竹區大社路27號
蘇玉良診所,6968248,高雄市路竹區大同路326號
仁澤診所,07-6076000,高雄市路竹區竹西里國昌路331號
德滬診所,6983217,高雄市路竹區華山路103號1號
麗竹皮膚科診所,07-6963617,高雄市路竹區大社路154號1樓
安心耳鼻喉科診所,07-6071288,高雄市路竹區大社路94號1樓
新園診所,07-6951718,高雄市路竹區下坑里太平路244號
路竹診所,07-6076111,高雄市路竹區文南里國昌路136號
玉焜診所,6312226,高雄市阿蓮區信義路115號
郭診所,076313243,高雄市阿蓮區民族路９５號
健民診所,076310545,高雄市阿蓮區青旗里１３鄰１１２號
祥安診所,076314527,高雄市阿蓮區中正路６８５號
大醫診所,076310366,高雄市阿蓮區中山路２６８號
一心堂診所,062375010,高雄市阿蓮區中正路４５１號
明達診所,6321857,高雄市阿蓮區忠孝路135號
聖心診所,6313288,高雄市阿蓮區中正路423號
上恩診所,6321666,高雄市阿蓮區中正路653、655號
明成親子診所,07-6319789,高雄市阿蓮區民權路95、97號
萬民診所,07-6320288,高雄市阿蓮區中山路56號
阿蓮康健診所,07-6317288,高雄市阿蓮區中正路383號
簡萬杰診所,076166674,高雄市燕巢區中民路５５８號
仁濟診所,076161698,高雄市燕巢區西燕里中西路７０巷７８號
王富民診所,076168772,高雄市燕巢區中民路５２６之４號
銘仁診所,6161681,高雄市燕巢區中民路690號
欣宏診所,07-6140699,高雄市燕巢區中興路28號
凱得診所,07-6142686,高雄市燕巢區中民路429號1樓
吳宏彰診所,07-6163160,高雄市燕巢區安招里中民路861號1樓及863號1樓
行政院國軍退除役官兵輔導委員會岡山榮譽國民之家醫務室,076160110,高雄市燕巢區成功路１號
上仁內兒科診所,076111323,高雄市橋頭區橋頭路４５號
淑雍聯合診所,076118557,高雄市橋頭區成功路１４０號
慈德診所,3135268,高雄市橋頭區仕豐路97號
陳性良診所,076127655,高雄市橋頭區隆豐路220號
蔡熾賢診所,076127975,高雄市橋頭區隆豐路２４０號
清華診所,076113628,高雄市橋頭區成功路２１號
廖俊安診所,07-6125292,高雄市橋頭區樹德路63號1樓
琮安診所,6120590,高雄市橋頭區成功南路148巷8號1樓
崇愛內兒科診所,076113194,高雄市橋頭區成功路２２４號
甲安診所,076122651,高雄市橋頭區甲北里甲昌路１３２號
正心診所,6128080,高雄市橋頭區隆豐路170號1樓
慈生內兒科診所,076113601,高雄市橋頭區橋南路８２號
黃永富診所,6195046,高雄市梓官區光明路64號
三和診所,076176316,高雄市梓官區梓信里民權街１４９號
宏瑋診所,076105303,高雄市梓官區嘉展路４０２號
蔡政達診所,076173295,高雄市梓官區廣澤路２０號
黃重器診所,76105664,高雄市梓官區大舍里大舍南路３０號
崇安診所,076179387,高雄市梓官區進學路９號
張世彬診所,6175360,高雄市梓官區光明路148號
梓安診所,6161561,高雄市梓官區中正路319號
祐安小兒科診所,3110519,高雄市梓官區梓官路237號
進學診所,6107738,高雄市梓官區進學路124號
梓官鴻裕診所,,高雄市梓官區中崙路265號1樓
龐內兒科診所,076172367,高雄市梓官區大舍北路２巷２號
濟民診所,076177507,高雄市彌陀區中正路１０２號
蔡坤男診所,076106017,高雄市彌陀區中正路７７號
長生診所,,高雄市彌陀區中正路2號
平安診所,07-6191116,高雄市彌陀區中正路233-1號
曾惠育診所,6911897,高雄市永安區永安路37號
永健診所,076993870,高雄市湖內區中正路一段３０號
王文才診所,076995211,高雄市湖內區中正路二段４５號
仁佑診所,076998897,高雄市湖內區中正路一段１２０號
康文銘診所,076997438,高雄市湖內區中華街１４８號
海安診所,076995937,高雄市湖內區信義路１０１之２號
新大湖黃診所,07-6938543,高雄市湖內區中山路一段432-2號
富田森林診所,07-6992189,高雄市湖內區中正路一段59號1樓
湖康診所,07-6997126,高雄市湖內區中正路一段397號
方舟診所,76935692,高雄市湖內區民權路１58號
江泰興耳鼻喉科診所,077422296,高雄市鳳山區澄清路９７號
國仁內兒科診所,077461855,高雄市鳳山區中山西路２－３號
中心內兒科診所,077468153,高雄市鳳山區中正路１１８號
謝內兒科診所,077410915,高雄市鳳山區光遠路３０５號
陳弘列內兒科診所,078111227,高雄市鳳山區五甲二路６９７號
陳上文內兒科診所,077012738,高雄市鳳山區中山東路４６５號
呂忠勳診所,077173175,高雄市鳳山區南京路４０７號
清水診所,077619911,高雄市鳳山區瑞隆東路４０號
羅小兒科診所,077418248,高雄市鳳山區青年路二段１７３號
楊寶麟小兒科診所,077479092,高雄市鳳山區南京路３１２號
俊榮小兒科診所,077431365,高雄市鳳山區光復路一段１４號
錦明小兒科診所,078310466,高雄市鳳山區自強二路１７1號
信宜診所,077170357,高雄市鳳山區新富路５１８號
林錦浩耳鼻喉科診所,077419880,高雄市鳳山區光遠路２６０號
韓台基診所,077262527,高雄市鳳山區新富路３３３號
文衡診所,(07)7478185,高雄市鳳山區文衡路３４４號
王清敏皮膚科診所,077190474,高雄市鳳山區文衡路４６號
正光診所,077415891,高雄市鳳山區中正路２０３號一、三樓
林基碧診所,077464219,高雄市鳳山區五甲一路１０１號
劉炳權診所,078151945,高雄市鳳山區五甲二路４１９號
蔡崇毅診所,077021651,高雄市鳳山區仁愛路１２號
李梓堯耳鼻喉科診所,077101995,高雄市鳳山區三民路１９２號
佳音皮膚科診所,077103304,高雄市鳳山區中山路７３之５號
陳茂展診所,077107302,高雄市鳳山區鳳松路６１號
林耳鼻喉科診所,077513087,高雄市鳳山區五甲二路３４５號
唯均耳鼻喉科診所,077638199,高雄市鳳山區海洋二路１３９號
上健診所,077532687,高雄市鳳山區中崙四路12號一Ｆ
蔡耳鼻喉科診所,077196901,高雄市鳳山區中山西路277號
德恩診所,077194722,高雄市鳳山區王生明路133號
昭融耳鼻喉科診所,077167791,高雄市鳳山區新富路３６２號
黃大沅小兒科診所,077109299,高雄市鳳山區青年路二段468號
陳皮膚科診所,078158068,高雄市鳳山區龍成路８號
萬安診所,078412633,高雄市鳳山區五甲三路62號
許耳鼻喉科診所,078226482,高雄市鳳山區五甲二路４９９號
上文耳鼻喉科診所,077219442,高雄市鳳山區五甲二路３２７號
柯適中皮膚科診所,078133167,高雄市鳳山區五甲二路679號
澄明診所,077633595,高雄市鳳山區國富路２８號
陳俊宏小兒科診所,077450066,高雄市鳳山區五甲一路８５號
盧信昭皮膚科診所,0728266997278664,高雄市鳳山區五甲二路４４4號一樓
陳柏蒼耳鼻喉科診所,7775388,高雄市鳳山區文衡路四八○號
陳重志聯合診所,7427329,高雄市鳳山區光復路一段１３９號
郭崇志診所,7100192,高雄市鳳山區光復路一段171號
蔡重榮診所,,高雄市鳳山區經武路244號
上禾診所,7776070,高雄市鳳山區文衡路508號1樓
中山耳鼻喉科診所,077462424,高雄市鳳山區中正路５１號
高內兒科診所,077424597,高雄市鳳山區民生路８１號
李明憲內兒科診所,077450219,高雄市鳳山區光遠路３０１號
王楩楠內兒科診所,077460334,高雄市鳳山區光遠路８２號
世全診所,077463353,高雄市鳳山區中山路７３號
陳文澤診所,077419962,高雄市鳳山區經武路２５號
一心診所,077463881,高雄市鳳山區中山路２２巷１號
壽山診所,077462334,高雄市鳳山區中正路３２號
同仁診所,077462636,高雄市鳳山區中山路213號
台安診所,077410268,高雄市鳳山區雙慈街２６號
鳳德診所,077663893,高雄市鳳山區南京路153-21號
凱旋診所,077637639,高雄市鳳山區凱旋路２６１號
蔡善教診所,077460417,高雄市鳳山區中正路４１號
寶生診所,077412128,高雄市鳳山區經武路２９５號
鳳山全民診所,077037038,高雄市鳳山區博愛路３２８號
趙大夫診所,077104010,高雄市鳳山區瑞竹路97號
何鴻鈞診所,077716819,高雄市鳳山區林森路３２４號
大和診所,077767239,高雄市鳳山區文衡路２０２號
均安診所,077533241,高雄市鳳山區中崙四路２２號
中崙診所,077533427,高雄市鳳山區中崙四路２６號
李威德診所,078227676,高雄市鳳山區五甲三路48號1樓
楊秋龍診所,077230191,高雄市鳳山區大明路１６３號
林誓揚診所,077482228,高雄市鳳山區經武路１８號
柏愛診所,7199313,高雄市鳳山區博愛路207號
明倫家醫科診所,077631703,高雄市鳳山區凱旋路365號`
宏庚診所,7109911,高雄市鳳山區鳳松路17號
太眾診所,7464592,高雄市鳳山區中正路180-1號
余成桓聯合診所,7101471,高雄市鳳山區建國路二段130號
吳辰龍耳鼻喉科診所,7661910,高雄市鳳山區新富路352354號
祐幼小兒科診所,7769977,高雄市鳳山區文衡路377號1樓
嘉美診所,7413668,高雄市鳳山區中山路79號
黃榮隆診所,07-7767700,高雄市鳳山區文衡路460號
民安診所,7464813,高雄市鳳山區光遠路298號
德川診所,7436575,高雄市鳳山區經武路228號1樓
鳳頂診所,70217667962166,高雄市鳳山區鳳頂路380號
三民診所,22617477412858,高雄市鳳山區三民路38號一、二樓
超群診所,7401582,高雄市鳳山區光遠路250號
林景星小兒科診所,077464369,高雄市鳳山區中正路１３１號
國民小兒科診所,077427925,高雄市鳳山區中正路３７號
誠愛診所,07-7556028,高雄市鳳山區誠愛路1號1樓
德安診所,07-7022957,高雄市鳳山區瑞興路416號1樓
曾建森診所,07-8121515,高雄市鳳山區五甲三路57號1-2樓
吳文誌診所,,高雄市鳳山區鳳林路258號1樓
正宏耳鼻喉科診所,7451196,高雄市鳳山區光遠路189號1樓
建億診所,07-7809119,高雄市鳳山區文濱路7號1、2樓
晶采診所,07-7037337,高雄市鳳山區中山東路128號1樓
維格診所,07-8318811,高雄市鳳山區五甲二路501號1~3樓
大欣診所,07-7993009,高雄市鳳山區文化路25號1樓
揚銘診所,7905605,高雄市鳳山區自由路111號1樓
韻田耳鼻喉科診所,07-7991966,高雄市鳳山區青年路二段146-2號1樓
文榮光診所,07-7452103,高雄市鳳山區建國路三段57號
文鳳診所,07-7807333,高雄市鳳山區文鳳路5號1樓
仁恩診所,07-8133897,高雄市鳳山區五甲三路79號一樓
雙禧診所,07-7996388,高雄市鳳山區自由路16號1樓
文山診所,07-7107010,高雄市鳳山區建國路三段157號1樓
好心診所,07-7676688,高雄市鳳山區文濱路196號1樓
新宏亞診所,07-8211218,高雄市鳳山區五甲三路14號1樓
文德診所,07-7805189,高雄市鳳山區文衡路295號1樓
詹文祥耳鼻喉科診所,07-7425003,高雄市鳳山區曹公路14號1樓
孟昌診所,07-7650908,高雄市鳳山區海洋二路39號1樓
九大五甲診所,07-7276789,高雄市鳳山區一甲里23鄰五甲二路348號1樓
大銘診所,07-7993009,高雄市鳳山區文化路25號1樓
歐洲診所,07-7996814,高雄市鳳山區光遠路91號1樓
蕙恩診所,,高雄市鳳山區文英里建國路3段20號1樓
協民診所,8228162,高雄市鳳山區龍成路10號1樓
吳萍建小兒科診所,7191180,高雄市鳳山區瑞竹里瑞明街90巷8號1樓
嘉安診所,07-7903688,高雄市鳳山區中山路146-2號1樓
國泰診所,7109666,高雄市鳳山區國泰路一段106號1樓
吳文紹診所,078111688,高雄市鳳山區五甲三路３號
張晉源耳鼻喉科診所,7775450,高雄市鳳山區文衡路451號1樓
聖光診所,7462671,高雄市鳳山區中山東路159號1、2樓
佳醫診所,7669191,高雄市鳳山區五甲二路357號
芳鄰小兒科診所,7277988,高雄市鳳山區五甲二路352之1號
元富診所,7638666,高雄市鳳山區新富路237號1、2樓
吉田小兒科診所,7517095,高雄市鳳山區五甲二路239號
謝豐榮耳鼻喉科診所,7669222,高雄市鳳山區大明路45號
鴻遠診所,7901731,高雄市鳳山區光遠路77號4、5樓
長新診所,7196633,高雄市鳳山區建國路二段59、59-1、59-2、59-3號
詠馨診所,8119789,高雄市鳳山區五福一路2號、6號
啟仁診所,7423279,高雄市鳳山區自由路137號
家康診所,8118967,高雄市鳳山區五甲三路81號1及2樓
牛伯伯兒科診所,07-7808123,高雄市鳳山區建國路三段338號
快樂心靈診所,07-7686789,高雄市鳳山區五甲二路315號
新石津診所,07-7682288,高雄市鳳山區自強二路112號
鄭紹茂診所,,高雄市鳳山區五甲二路186號
安安診所,07-7689615,高雄市鳳山區五甲三路111號1樓
松佑診所,07-7802222,高雄市鳳山區文德路92號
文華耳鼻喉科診所,07-7902555,高雄市鳳山區文化路117號1樓
祐祥診所,07-7903268,高雄市鳳山區文化路91號1樓
李耳鼻喉科診所,7420100,高雄市鳳山區三民路210號
達特楊診所,07-8159988,高雄市鳳山區五甲三路119號1F
葉耳鼻喉科診所,07-7778783,高雄市鳳山區青年路二段373號1樓
林昭哲診所,07-7633399,高雄市鳳山區新富路282號1樓
黃智興診所,7276688,高雄市鳳山區五甲二路356之1號1樓
雅皮膚科診所,07-7677776,高雄市鳳山區青年路二段369號1樓
大明內兒科診所,077814268,高雄市大寮區鳳林三路２４６號
宜和內兒科診所,077816825,高雄市大寮區鳳林三路３４１號
劉明海診所,077817358,高雄市大寮區鳳林三路４５８號
洪耳鼻喉科診所,077861305,高雄市大寮區鳳林四路156號
健聖診所,077861303,高雄市大寮區中正路２號
大統內兒科診所,77836127,高雄市大寮區鳳林四路五十六號
嘉德耳鼻喉科診所,07-7022626,高雄市大寮區鳳屏一路441.443號
幸安診所,07-7812855,高雄市大寮區永芳里鳳林三路526號1、2樓
喉康診所,7017100,高雄市大寮區中庄里仁愛路82號1樓
佳和耳鼻喉科診所,7821500,高雄市大寮區鳳林三路516號
天仁診所,076512651,高雄市大寮區溪寮路７號
大新診所,07-7882651,高雄市大寮區大寮路511號
奈良診所,077860628,高雄市大寮區鳳林四路228號
大寮進安診所,07-7812211,高雄市大寮區鳳林四路134-1號
親親家庭診所,077013483,高雄市大寮區鳳屏一路538號
大順診所,077038417,高雄市大寮區鳳屏一路５６２號
郭其靈診所,077823335,高雄市大寮區鳳林三路541.543號
鳳信診所,7036751,高雄市大寮區鳳屏一路574號
新高聖診所,7881271,高雄市大寮區鳳林一路7之63號1樓
張文豪診所,7816276,高雄市大寮區內厝路201號
張桐榮診所,07-7825382,高雄市大寮區鳳林三路573、575號
實美皮膚科診所,7817578,高雄市大寮區鳳林四路170之8號
圓明診所,07-6433298,高雄市大寮區鳳林一路147號
大發診所,07-7882078,高雄市大寮區潮寮里潮龍路202號1樓
大慶診所,07-6518035,高雄市大寮區九和路5號1樓、13號1樓
蕭宏儒診所,07-7889258,高雄市大寮區大寮路595號1樓
杏安診所,07-7810565,高雄市大寮區琉球里琉球路107-25號1樓
大承耳鼻喉科診所,07-7013668,高雄市大寮區鳳屏一路464號1樓
太樹診所,076518042,高雄市大寮區義和里九和路９號
梅振英耳鼻喉科診所,076438553,高雄市林園區林園北路２２６號
回春診所,076412679,高雄市林園區林園北路202號
陳鍾靈診所,0764296536429651,高雄市林園區信義路16號
仁德耳鼻喉科診所,07-6412262,高雄市林園區東林西路166號
長泰診所,07-6452776,高雄市林園區王公路483號
聯美診所,6433512,高雄市林園區林園北路344號
陳耳鼻喉科診所,6420796,高雄市林園區林園北路234號
楊文昌診所,076436411,高雄市林園區東林西路２８１號
林偉浩診所,073361252,高雄市林園區椰樹東巷巷８９號
蔡承訓診所,076452335,高雄市林園區東林西路270號
賴守志診所,076451888,高雄市林園區鳳林路二段１２３號
廣仁診所,076434576,高雄市林園區東林西路２０８號
普愛診所,6439286,高雄市林園區鳳林路二段757號
正宜診所,6413300,高雄市林園區東林西路160號1樓
加安診所,07-6433136,高雄市林園區忠孝西路61號
建芳診所,07-6467666,高雄市林園區東林東路28號1樓
川宏診所,07-6452520,高雄市林園區鳳林路一段74號1樓
黃英豪診所,076412134,高雄市林園區林園北路１８８號
孫內．兒科診所,077468737,高雄市鳥松區烏松村中正路６２號
劉金龍診所,077313935,高雄市鳥松區學堂路華美里學堂路78-5號
德惠診所,077310367,高雄市鳥松區烏松村中正路１４２號
藍偉宏診所,077338715,高雄市鳥松區仁美里學堂路105之１號1樓
聯安診所,7335076,高雄市鳥松區中正路343號
明昇診所,076511578,高雄市大樹區檨腳里實踐街８８號
高典診所,,高雄市大樹區檨腳里中興西路49-2號1樓
景安診所,076521856,高雄市大樹區樣腳村實踐街２２４號
丰聯診所,076519312,高雄市大樹區建村街74號
黃百祿診所,07-6522708,高雄市大樹區中興東路46號
宏彰診所,07-6527531,高雄市大樹區中正一路423號
啟泰診所,076512450,高雄市大樹區久堂里中興街５０巷３號
立安診所,077476896,高雄市大樹區水寮里中山路１９７號
國防部軍備局二０三廠醫務室,076563667,高雄市大樹區興田里３５號
學城診所,07-6577215,高雄市大樹區學城路1段8巷41號
佛光聯合診所,07-6561921,高雄市大樹區興田里興田路154號1樓
愛德診所,（07）6524197,高雄市大樹區久堂里久堂路147號
尚文診所,6527978,高雄市大樹區久堂里久堂路30號1樓
大森診所,07-6527680,高雄市大樹區久堂里中興街89號1樓
愛仁診所,76525668,高雄市大樹區久堂里九堂路147號
仁厚診所,76613515,高雄市旗山區延平一路１３７號
周大雅診所,6625132,高雄市旗山區延平一路562號
圓潭診所,6693669,高雄市旗山區旗甲路二段348號
鄭小兒科診所,076617842,高雄市旗山區中山路１８６號
民愛診所,76617221,高雄市旗山區復新街１５號
信安小兒科診所,6627007,高雄市旗山區延平一路228之8號
芳民診所,6622355,高雄市旗山區德昌路16號
王致瑋小兒科診所,6629922,高雄市旗山區延平一路485號1樓及485-1號1樓
鄭耳鼻喉科診所,6627165,高雄市旗山區大同街39號1樓
溫朝貴診所,076612558,高雄市旗山區東新街１８號
順安診所,07-6693663,高雄市旗山區旗甲路二段181號1樓
許銘誠診所,07-6611166,高雄市旗山區延平一路542號1樓
群安診所,07-6621635,高雄市旗山區延平一路226號1樓
大元診所,07-6612100,高雄市旗山區延平一路643號1樓
思傑診所,07-6622663,高雄市旗山區延平一路722-5號1樓
大政診所,07-6622588,高雄市旗山區瑞吉里延平一路337號1樓
大惠診所,07-6622588,高雄市旗山區延平一路337號1樓
許國庭耳鼻喉科診所,076618654,高雄市旗山區延平一路６９７號
楊皮膚科診所,076625322,高雄市旗山區延平一路６７９號
林博仁診所,076621000,高雄市旗山區延平一路229號
王啟彰診所,076622089,高雄市旗山區復新東街8號
李本源診所,076621826,高雄市旗山區延平一路４７１號
永明診所,076812803,高雄市美濃區永安路２１５號
吳文豪診所,,高雄市美濃區永安路２５７號
和美診所,07-3681658,高雄市美濃區祿興里中正路二段168號1樓
明道內兒科診所,076812502,高雄市美濃區中山路３９號
安祐診所,07-6821208,高雄市美濃區美中路121號
李樹榮診所,076812189,高雄市美濃區中正路一段一七號
霑龍診所,76812593,高雄市美濃區泰安路１５號
小太陽診所,076812332,高雄市美濃區成功路１２９號
吳文禮診所,,高雄市美濃區中正路一段４１號
同安診所,076891559,高雄市六龜區太平路5號
大嘉診所,6895789,高雄市六龜區太平路114號
六龜再生診所,07-6892201,高雄市六龜區光復路30號1樓
鄉和診所,07-6893359,高雄市六龜區光復路335號
怡生診所,076671476,高雄市內門區觀亭里南屏路248號
陳內兒科診所,076601689,高雄市內門區永興里頂庄１８號
觀亭診所,07-6674882,高雄市內門區觀亭里中正路168、170號
協德診所,6773997,高雄市杉林區上平里山北路46號
台源診所,6771614,高雄市杉林區上平里山仙路37之2號
嶺安診所,6753489,高雄市甲仙區和安街32號1樓
永恩診所,6921055,高雄市茄萣區茄萣路二段270號1樓、270-1號1樓
加昇診所,07-6900268,高雄市茄萣區仁愛路三段56巷1-5號2號1樓
永萣診所,6904979,高雄市茄萣區白砂路251號1樓
顏診所,076901481,高雄市茄萣區茄萣路一段151號一樓
許診所,076901222,高雄市茄萣區港埔二街138之6號
友安小兒科診所,6906933,高雄市茄萣區仁愛路二段80、82號
吳南寬診所,6921275,高雄市茄萣區白砂路257號1樓
施明火診所,076900953,高雄市茄萣區茄萣路一段３９９號
忠信診所,076901221,高雄市茄萣區仁愛路三段218號
杜耳鼻喉科診所,6903908,高雄市茄萣區仁愛路三段172號
